"NATMON_IND","Indicator","LOCATION","Country","TIME","Time","Value","Flag Codes","Flags"
"MYS_1T8_AG25T99","Mean years of schooling (ISCED 1 or higher), population 25+ years, both sexes","LVA","Latvia","2018","2018",13.18,,
"MYS_1T8_AG25T99","Mean years of schooling (ISCED 1 or higher), population 25+ years, both sexes","LVA","Latvia","2019","2019",13.25,,
"MYS_1T8_AG25T99","Mean years of schooling (ISCED 1 or higher), population 25+ years, both sexes","SVN","Slovenia","2017","2017",12.7,,
"MYS_1T8_AG25T99","Mean years of schooling (ISCED 1 or higher), population 25+ years, both sexes","SVN","Slovenia","2019","2019",12.8,,
"MYS_1T8_AG25T99","Mean years of schooling (ISCED 1 or higher), population 25+ years, both sexes","BIH","Bosnia and Herzegovina","2018","2018",9.81,,
"MYS_1T8_AG25T99","Mean years of schooling (ISCED 1 or higher), population 25+ years, both sexes","BIH","Bosnia and Herzegovina","2020","2020",10.54,,
"MYS_1T8_AG25T99","Mean years of schooling (ISCED 1 or higher), population 25+ years, both sexes","BIH","Bosnia and Herzegovina","2022","2022",10.97,,
"MYS_1T8_AG25T99","Mean years of schooling (ISCED 1 or higher), population 25+ years, both sexes","GEO","Georgia","2017","2017",12.87,,
"MYS_1T8_AG25T99","Mean years of schooling (ISCED 1 or higher), population 25+ years, both sexes","GEO","Georgia","2019","2019",12.82,,
"MYS_1T8_AG25T99","Mean years of schooling (ISCED 1 or higher), population 25+ years, both sexes","GEO","Georgia","2022","2022",12.7,,
"MYS_1T8_AG25T99","Mean years of schooling (ISCED 1 or higher), population 25+ years, both sexes","SMR","San Marino","2018","2018",10.8,,
"MYS_1T8_AG25T99","Mean years of schooling (ISCED 1 or higher), population 25+ years, both sexes","SMR","San Marino","2020","2020",11.23,,
"MYS_1T8_AG25T99","Mean years of schooling (ISCED 1 or higher), population 25+ years, both sexes","SMR","San Marino","2022","2022",11.36,,
"MYS_1T8_AG25T99","Mean years of schooling (ISCED 1 or higher), population 25+ years, both sexes","DMA","Dominica","2021","2021",10.12509,,
"MYS_1T8_AG25T99","Mean years of schooling (ISCED 1 or higher), population 25+ years, both sexes","DNK","Denmark","2018","2018",12.86,,
"MYS_1T8_AG25T99","Mean years of schooling (ISCED 1 or higher), population 25+ years, both sexes","DNK","Denmark","2020","2020",12.96,,
"MYS_1T8_AG25T99","Mean years of schooling (ISCED 1 or higher), population 25+ years, both sexes","ROU","Romania","2017","2017",11.15,,
"MYS_1T8_AG25T99","Mean years of schooling (ISCED 1 or higher), population 25+ years, both sexes","ROU","Romania","2019","2019",11.28,,
"MYS_1T8_AG25T99","Mean years of schooling (ISCED 1 or higher), population 25+ years, both sexes","ROU","Romania","2020","2020",11.39,,
"MYS_1T8_AG25T99","Mean years of schooling (ISCED 1 or higher), population 25+ years, both sexes","ROU","Romania","2021","2021",11.46,,
"MYS_1T8_AG25T99","Mean years of schooling (ISCED 1 or higher), population 25+ years, both sexes","ROU","Romania","2022","2022",11.55,,
"MYS_1T8_AG25T99","Mean years of schooling (ISCED 1 or higher), population 25+ years, both sexes","NZL","New Zealand","2020","2020",12.94,,
"MYS_1T8_AG25T99","Mean years of schooling (ISCED 1 or higher), population 25+ years, both sexes","SWE","Sweden","2017","2017",12.49,,
"MYS_1T8_AG25T99","Mean years of schooling (ISCED 1 or higher), population 25+ years, both sexes","SWE","Sweden","2019","2019",12.61,,
"MYS_1T8_AG25T99","Mean years of schooling (ISCED 1 or higher), population 25+ years, both sexes","ZAF","South Africa","2017","2017",10.14,,
"MYS_1T8_AG25T99","Mean years of schooling (ISCED 1 or higher), population 25+ years, both sexes","ZAF","South Africa","2019","2019",11.37,,
"MYS_1T8_AG25T99","Mean years of schooling (ISCED 1 or higher), population 25+ years, both sexes","ZAF","South Africa","2020","2020",10.55466,,
"MYS_1T8_AG25T99","Mean years of schooling (ISCED 1 or higher), population 25+ years, both sexes","ZAF","South Africa","2021","2021",11.61,,
"MYS_1T8_AG25T99","Mean years of schooling (ISCED 1 or higher), population 25+ years, both sexes","NPL","Nepal","2019","2019",4.33325,,
"MYS_1T8_AG25T99","Mean years of schooling (ISCED 1 or higher), population 25+ years, both sexes","NPL","Nepal","2021","2021",4.50373,,
"MYS_1T8_AG25T99","Mean years of schooling (ISCED 1 or higher), population 25+ years, both sexes","KWT","Kuwait","2017","2017",7.19,,
"MYS_1T8_AG25T99","Mean years of schooling (ISCED 1 or higher), population 25+ years, both sexes","KWT","Kuwait","2018","2018",7.22,,
"MYS_1T8_AG25T99","Mean years of schooling (ISCED 1 or higher), population 25+ years, both sexes","EGY","Egypt","2017","2017",9.05,,
"MYS_1T8_AG25T99","Mean years of schooling (ISCED 1 or higher), population 25+ years, both sexes","PRI","Puerto Rico","2017","2017",12.9,,
"MYS_1T8_AG25T99","Mean years of schooling (ISCED 1 or higher), population 25+ years, both sexes","URY","Uruguay","2017","2017",8.83,,
"MYS_1T8_AG25T99","Mean years of schooling (ISCED 1 or higher), population 25+ years, both sexes","URY","Uruguay","2018","2018",8.91,,
"MYS_1T8_AG25T99","Mean years of schooling (ISCED 1 or higher), population 25+ years, both sexes","URY","Uruguay","2019","2019",8.98,,
"MYS_1T8_AG25T99","Mean years of schooling (ISCED 1 or higher), population 25+ years, both sexes","URY","Uruguay","2022","2022",10.54,,
"MYS_1T8_AG25T99","Mean years of schooling (ISCED 1 or higher), population 25+ years, both sexes","BEL","Belgium","2017","2017",12.24,,
"MYS_1T8_AG25T99","Mean years of schooling (ISCED 1 or higher), population 25+ years, both sexes","BEL","Belgium","2019","2019",12.38,,
"MYS_1T8_AG25T99","Mean years of schooling (ISCED 1 or higher), population 25+ years, both sexes","CHL","Chile","2017","2017",10.59,,
"MYS_1T8_AG25T99","Mean years of schooling (ISCED 1 or higher), population 25+ years, both sexes","TZA","United Republic of Tanzania","2018","2018",5.58915,,
"MYS_1T8_AG25T99","Mean years of schooling (ISCED 1 or higher), population 25+ years, both sexes","TZA","United Republic of Tanzania","2022","2022",6.06535,,
"MYS_1T8_AG25T99","Mean years of schooling (ISCED 1 or higher), population 25+ years, both sexes","PRT","Portugal","2017","2017",9.22,,
"MYS_1T8_AG25T99","Mean years of schooling (ISCED 1 or higher), population 25+ years, both sexes","PRT","Portugal","2018","2018",9.14,,
"MYS_1T8_AG25T99","Mean years of schooling (ISCED 1 or higher), population 25+ years, both sexes","PRT","Portugal","2019","2019",9.33,,
"MYS_1T8_AG25T99","Mean years of schooling (ISCED 1 or higher), population 25+ years, both sexes","PRT","Portugal","2020","2020",9.58,,
"MYS_1T8_AG25T99","Mean years of schooling (ISCED 1 or higher), population 25+ years, both sexes","PSE","Palestine","2017","2017",9.28,,
"MYS_1T8_AG25T99","Mean years of schooling (ISCED 1 or higher), population 25+ years, both sexes","PSE","Palestine","2018","2018",9.52,,
"MYS_1T8_AG25T99","Mean years of schooling (ISCED 1 or higher), population 25+ years, both sexes","PSE","Palestine","2020","2020",9.94,,
"MYS_1T8_AG25T99","Mean years of schooling (ISCED 1 or higher), population 25+ years, both sexes","PSE","Palestine","2022","2022",10.13,,
"MYS_1T8_AG25T99","Mean years of schooling (ISCED 1 or higher), population 25+ years, both sexes","GBR","United Kingdom of Great Britain and Northern Ireland","2017","2017",13.16,,
"MYS_1T8_AG25T99","Mean years of schooling (ISCED 1 or higher), population 25+ years, both sexes","GBR","United Kingdom of Great Britain and Northern Ireland","2020","2020",13.41,,
"MYS_1T8_AG25T99","Mean years of schooling (ISCED 1 or higher), population 25+ years, both sexes","GBR","United Kingdom of Great Britain and Northern Ireland","2021","2021",13.49,,
"MYS_1T8_AG25T99","Mean years of schooling (ISCED 1 or higher), population 25+ years, both sexes","PRY","Paraguay","2018","2018",8.59,,
"MYS_1T8_AG25T99","Mean years of schooling (ISCED 1 or higher), population 25+ years, both sexes","PRY","Paraguay","2019","2019",8.81,,
"MYS_1T8_AG25T99","Mean years of schooling (ISCED 1 or higher), population 25+ years, both sexes","PRY","Paraguay","2020","2020",8.86,,
"MYS_1T8_AG25T99","Mean years of schooling (ISCED 1 or higher), population 25+ years, both sexes","COD","Democratic Republic of the Congo","2018","2018",7.04756,,
"MYS_1T8_AG25T99","Mean years of schooling (ISCED 1 or higher), population 25+ years, both sexes","TCA","Turks and Caicos Islands","2019","2019",11.17456,,
"MYS_1T8_AG25T99","Mean years of schooling (ISCED 1 or higher), population 25+ years, both sexes","QAT","Qatar","2017","2017",9.73,,
"MYS_1T8_AG25T99","Mean years of schooling (ISCED 1 or higher), population 25+ years, both sexes","QAT","Qatar","2022","2022",10.77,,
"MYS_1T8_AG25T99","Mean years of schooling (ISCED 1 or higher), population 25+ years, both sexes","CRI","Costa Rica","2018","2018",8.72,,
"MYS_1T8_AG25T99","Mean years of schooling (ISCED 1 or higher), population 25+ years, both sexes","CRI","Costa Rica","2020","2020",8.8,,
"MYS_1T8_AG25T99","Mean years of schooling (ISCED 1 or higher), population 25+ years, both sexes","UZB","Uzbekistan","2018","2018",11.77,,
"MYS_1T8_AG25T99","Mean years of schooling (ISCED 1 or higher), population 25+ years, both sexes","UZB","Uzbekistan","2019","2019",11.9,,
"MYS_1T8_AG25T99","Mean years of schooling (ISCED 1 or higher), population 25+ years, both sexes","UZB","Uzbekistan","2021","2021",11.88,,
"MYS_1T8_AG25T99","Mean years of schooling (ISCED 1 or higher), population 25+ years, both sexes","UZB","Uzbekistan","2022","2022",11.91,,
"MYS_1T8_AG25T99","Mean years of schooling (ISCED 1 or higher), population 25+ years, both sexes","LTU","Lithuania","2017","2017",13.19,,
"MYS_1T8_AG25T99","Mean years of schooling (ISCED 1 or higher), population 25+ years, both sexes","LTU","Lithuania","2020","2020",13.5,,
"MYS_1T8_AG25T99","Mean years of schooling (ISCED 1 or higher), population 25+ years, both sexes","AND","Andorra","2022","2022",11.61,,
"MYS_1T8_AG25T99","Mean years of schooling (ISCED 1 or higher), population 25+ years, both sexes","MWI","Malawi","2020","2020",5.24374,,
"MYS_1T8_AG25T99","Mean years of schooling (ISCED 1 or higher), population 25+ years, both sexes","MEX","Mexico","2017","2017",8.74,,
"MYS_1T8_AG25T99","Mean years of schooling (ISCED 1 or higher), population 25+ years, both sexes","MEX","Mexico","2018","2018",8.93,,
"MYS_1T8_AG25T99","Mean years of schooling (ISCED 1 or higher), population 25+ years, both sexes","MEX","Mexico","2020","2020",9.22,,
"MYS_1T8_AG25T99","Mean years of schooling (ISCED 1 or higher), population 25+ years, both sexes","SVK","Slovakia","2017","2017",12.77,,
"MYS_1T8_AG25T99","Mean years of schooling (ISCED 1 or higher), population 25+ years, both sexes","SVK","Slovakia","2018","2018",12.87,,
"MYS_1T8_AG25T99","Mean years of schooling (ISCED 1 or higher), population 25+ years, both sexes","SVK","Slovakia","2019","2019",12.91,,
"MYS_1T8_AG25T99","Mean years of schooling (ISCED 1 or higher), population 25+ years, both sexes","JAM","Jamaica","2022","2022",9.95991,,
"MYS_1T8_AG25T99","Mean years of schooling (ISCED 1 or higher), population 25+ years, both sexes","BTN","Bhutan","2017","2017",4.06,,
"MYS_1T8_AG25T99","Mean years of schooling (ISCED 1 or higher), population 25+ years, both sexes","TGO","Togo","2017","2017",4.85858,,
"MYS_1T8_AG25T99","Mean years of schooling (ISCED 1 or higher), population 25+ years, both sexes","CUB","Cuba","2019","2019",10.66362,,
"MYS_1T8_AG25T99","Mean years of schooling (ISCED 1 or higher), population 25+ years, both sexes","GHA","Ghana","2017","2017",6.1205,,
"MYS_1T8_AG25T99","Mean years of schooling (ISCED 1 or higher), population 25+ years, both sexes","GHA","Ghana","2022","2022",7.10721,,
"MYS_1T8_AG25T99","Mean years of schooling (ISCED 1 or higher), population 25+ years, both sexes","KEN","Kenya","2019","2019",7.99466,,
"MYS_1T8_AG25T99","Mean years of schooling (ISCED 1 or higher), population 25+ years, both sexes","KEN","Kenya","2020","2020",7.68636,,
"MYS_1T8_AG25T99","Mean years of schooling (ISCED 1 or higher), population 25+ years, both sexes","KEN","Kenya","2022","2022",8.62471,,
"MYS_1T8_AG25T99","Mean years of schooling (ISCED 1 or higher), population 25+ years, both sexes","TTO","Trinidad and Tobago","2022","2022",10.79275,,
"MYS_1T8_AG25T99","Mean years of schooling (ISCED 1 or higher), population 25+ years, both sexes","AUS","Australia","2017","2017",12.32,,
"MYS_1T8_AG25T99","Mean years of schooling (ISCED 1 or higher), population 25+ years, both sexes","AUS","Australia","2018","2018",12.46,,
"MYS_1T8_AG25T99","Mean years of schooling (ISCED 1 or higher), population 25+ years, both sexes","AUS","Australia","2019","2019",12.56,,
"MYS_1T8_AG25T99","Mean years of schooling (ISCED 1 or higher), population 25+ years, both sexes","AUS","Australia","2020","2020",12.64,,
"MYS_1T8_AG25T99","Mean years of schooling (ISCED 1 or higher), population 25+ years, both sexes","AUS","Australia","2021","2021",12.78,,
"MYS_1T8_AG25T99","Mean years of schooling (ISCED 1 or higher), population 25+ years, both sexes","AUS","Australia","2022","2022",12.87,,
"MYS_1T8_AG25T99","Mean years of schooling (ISCED 1 or higher), population 25+ years, both sexes","JPN","Japan","2020","2020",12.67,,
"MYS_1T8_AG25T99","Mean years of schooling (ISCED 1 or higher), population 25+ years, both sexes","RUS","Russian Federation","2021","2021",12.41,,
"MYS_1T8_AG25T99","Mean years of schooling (ISCED 1 or higher), population 25+ years, both sexes","DEU","Germany","2018","2018",14.08,,
"MYS_1T8_AG25T99","Mean years of schooling (ISCED 1 or higher), population 25+ years, both sexes","DEU","Germany","2020","2020",14.26,,
"MYS_1T8_AG25T99","Mean years of schooling (ISCED 1 or higher), population 25+ years, both sexes","MLI","Mali","2018","2018",1.87,,
"MYS_1T8_AG25T99","Mean years of schooling (ISCED 1 or higher), population 25+ years, both sexes","MLI","Mali","2019","2019",2.04184,,
"MYS_1T8_AG25T99","Mean years of schooling (ISCED 1 or higher), population 25+ years, both sexes","MLI","Mali","2020","2020",1.63,,
"MYS_1T8_AG25T99","Mean years of schooling (ISCED 1 or higher), population 25+ years, both sexes","NOR","Norway","2017","2017",12.95,,
"MYS_1T8_AG25T99","Mean years of schooling (ISCED 1 or higher), population 25+ years, both sexes","NOR","Norway","2019","2019",13,,
"MYS_1T8_AG25T99","Mean years of schooling (ISCED 1 or higher), population 25+ years, both sexes","GMB","Gambia","2018","2018",4.09984,,
"MYS_1T8_AG25T99","Mean years of schooling (ISCED 1 or higher), population 25+ years, both sexes","GMB","Gambia","2020","2020",4.51242,,
"MYS_1T8_AG25T99","Mean years of schooling (ISCED 1 or higher), population 25+ years, both sexes","LKA","Sri Lanka","2017","2017",10.57,,
"MYS_1T8_AG25T99","Mean years of schooling (ISCED 1 or higher), population 25+ years, both sexes","LKA","Sri Lanka","2018","2018",10.64,,
"MYS_1T8_AG25T99","Mean years of schooling (ISCED 1 or higher), population 25+ years, both sexes","LKA","Sri Lanka","2019","2019",10.63,,
"MYS_1T8_AG25T99","Mean years of schooling (ISCED 1 or higher), population 25+ years, both sexes","LKA","Sri Lanka","2020","2020",10.82,,
"MYS_1T8_AG25T99","Mean years of schooling (ISCED 1 or higher), population 25+ years, both sexes","LKA","Sri Lanka","2021","2021",10.73,,
"MYS_1T8_AG25T99","Mean years of schooling (ISCED 1 or higher), population 25+ years, both sexes","LKA","Sri Lanka","2022","2022",10.77,,
"MYS_1T8_AG25T99","Mean years of schooling (ISCED 1 or higher), population 25+ years, both sexes","BDI","Burundi","2017","2017",2.8,,
"MYS_1T8_AG25T99","Mean years of schooling (ISCED 1 or higher), population 25+ years, both sexes","DZA","Algeria","2019","2019",7.02027,,
"MYS_1T8_AG25T99","Mean years of schooling (ISCED 1 or higher), population 25+ years, both sexes","BRA","Brazil","2017","2017",7.85,,
"MYS_1T8_AG25T99","Mean years of schooling (ISCED 1 or higher), population 25+ years, both sexes","BRA","Brazil","2018","2018",7.98,,
"MYS_1T8_AG25T99","Mean years of schooling (ISCED 1 or higher), population 25+ years, both sexes","CYP","Cyprus","2018","2018",12.28,,
"MYS_1T8_AG25T99","Mean years of schooling (ISCED 1 or higher), population 25+ years, both sexes","CYP","Cyprus","2020","2020",12.44,,
"MYS_1T8_AG25T99","Mean years of schooling (ISCED 1 or higher), population 25+ years, both sexes","ARE","United Arab Emirates","2017","2017",12.06,,
"MYS_1T8_AG25T99","Mean years of schooling (ISCED 1 or higher), population 25+ years, both sexes","ARE","United Arab Emirates","2018","2018",12.48,,
"MYS_1T8_AG25T99","Mean years of schooling (ISCED 1 or higher), population 25+ years, both sexes","ARE","United Arab Emirates","2019","2019",12.69,,
"MYS_1T8_AG25T99","Mean years of schooling (ISCED 1 or higher), population 25+ years, both sexes","ARE","United Arab Emirates","2021","2021",12.77,,
"MYS_1T8_AG25T99","Mean years of schooling (ISCED 1 or higher), population 25+ years, both sexes","ARE","United Arab Emirates","2022","2022",12.99,,
"MYS_1T8_AG25T99","Mean years of schooling (ISCED 1 or higher), population 25+ years, both sexes","PAN","Panama","2019","2019",10.54,,
"MYS_1T8_AG25T99","Mean years of schooling (ISCED 1 or higher), population 25+ years, both sexes","TUN","Tunisia","2018","2018",7.62261,,
"MYS_1T8_AG25T99","Mean years of schooling (ISCED 1 or higher), population 25+ years, both sexes","TUN","Tunisia","2019","2019",7.29,,
"MYS_1T8_AG25T99","Mean years of schooling (ISCED 1 or higher), population 25+ years, both sexes","TUN","Tunisia","2022","2022",7.59492,,
"MYS_1T8_AG25T99","Mean years of schooling (ISCED 1 or higher), population 25+ years, both sexes","SLV","El Salvador","2017","2017",6.83,,
"MYS_1T8_AG25T99","Mean years of schooling (ISCED 1 or higher), population 25+ years, both sexes","SLV","El Salvador","2019","2019",7.11,,
"MYS_1T8_AG25T99","Mean years of schooling (ISCED 1 or higher), population 25+ years, both sexes","SLV","El Salvador","2020","2020",7.15,,
"MYS_1T8_AG25T99","Mean years of schooling (ISCED 1 or higher), population 25+ years, both sexes","SLV","El Salvador","2023","2023",7.3,,
"MYS_1T8_AG25T99","Mean years of schooling (ISCED 1 or higher), population 25+ years, both sexes","CAN","Canada","2021","2021",13.87,,
"MYS_1T8_AG25T99","Mean years of schooling (ISCED 1 or higher), population 25+ years, both sexes","GRC","Greece","2020","2020",11.41,,
"MYS_1T8_AG25T99","Mean years of schooling (ISCED 1 or higher), population 25+ years, both sexes","BHR","Bahrain","2017","2017",9.59,,
"MYS_1T8_AG25T99","Mean years of schooling (ISCED 1 or higher), population 25+ years, both sexes","BHR","Bahrain","2018","2018",10.5,,
"MYS_1T8_AG25T99","Mean years of schooling (ISCED 1 or higher), population 25+ years, both sexes","BHR","Bahrain","2020","2020",11,,
"MYS_1T8_AG25T99","Mean years of schooling (ISCED 1 or higher), population 25+ years, both sexes","BHR","Bahrain","2022","2022",11.15,,
"MYS_1T8_AG25T99","Mean years of schooling (ISCED 1 or higher), population 25+ years, both sexes","BHR","Bahrain","2023","2023",11.13,,
"MYS_1T8_AG25T99","Mean years of schooling (ISCED 1 or higher), population 25+ years, both sexes","THA","Thailand","2018","2018",8.37,,
"MYS_1T8_AG25T99","Mean years of schooling (ISCED 1 or higher), population 25+ years, both sexes","THA","Thailand","2019","2019",8.7,,
"MYS_1T8_AG25T99","Mean years of schooling (ISCED 1 or higher), population 25+ years, both sexes","THA","Thailand","2022","2022",9.04,,
"MYS_1T8_AG25T99","Mean years of schooling (ISCED 1 or higher), population 25+ years, both sexes","CHN","China","2018","2018",7.81652,,
"MYS_1T8_AG25T99","Mean years of schooling (ISCED 1 or higher), population 25+ years, both sexes","CHN","China","2020","2020",7.95,,
"MYS_1T8_AG25T99","Mean years of schooling (ISCED 1 or higher), population 25+ years, both sexes","BEN","Benin","2017","2017",2.65025,,
"MYS_1T8_AG25T99","Mean years of schooling (ISCED 1 or higher), population 25+ years, both sexes","BEN","Benin","2019","2019",3.03354,,
"MYS_1T8_AG25T99","Mean years of schooling (ISCED 1 or higher), population 25+ years, both sexes","BEN","Benin","2021","2021",3.1942,,
"MYS_1T8_AG25T99","Mean years of schooling (ISCED 1 or higher), population 25+ years, both sexes","GTM","Guatemala","2019","2019",5.68,,
"MYS_1T8_AG25T99","Mean years of schooling (ISCED 1 or higher), population 25+ years, both sexes","GTM","Guatemala","2022","2022",5.8473,,
"MYS_1T8_AG25T99","Mean years of schooling (ISCED 1 or higher), population 25+ years, both sexes","HND","Honduras","2018","2018",6.29,,
"MYS_1T8_AG25T99","Mean years of schooling (ISCED 1 or higher), population 25+ years, both sexes","HND","Honduras","2019","2019",7.09,,
"MYS_1T8_AG25T99","Mean years of schooling (ISCED 1 or higher), population 25+ years, both sexes","USA","United States of America","2017","2017",13.41329,,
"MYS_1T8_AG25T99","Mean years of schooling (ISCED 1 or higher), population 25+ years, both sexes","USA","United States of America","2018","2018",13.5,,
"MYS_1T8_AG25T99","Mean years of schooling (ISCED 1 or higher), population 25+ years, both sexes","USA","United States of America","2020","2020",13.68,,
"MYS_1T8_AG25T99","Mean years of schooling (ISCED 1 or higher), population 25+ years, both sexes","USA","United States of America","2021","2021",13.5755,,
"MYS_1T8_AG25T99","Mean years of schooling (ISCED 1 or higher), population 25+ years, both sexes","USA","United States of America","2022","2022",13.91,,
"MYS_1T8_AG25T99","Mean years of schooling (ISCED 1 or higher), population 25+ years, both sexes","MOZ","Mozambique","2017","2017",3.06,,
"MYS_1T8_AG25T99","Mean years of schooling (ISCED 1 or higher), population 25+ years, both sexes","MOZ","Mozambique","2020","2020",3.86,,
"MYS_1T8_AG25T99","Mean years of schooling (ISCED 1 or higher), population 25+ years, both sexes","MOZ","Mozambique","2022","2022",4.59049,,
"MYS_1T8_AG25T99","Mean years of schooling (ISCED 1 or higher), population 25+ years, both sexes","SRB","Serbia","2017","2017",11.16,,
"MYS_1T8_AG25T99","Mean years of schooling (ISCED 1 or higher), population 25+ years, both sexes","SRB","Serbia","2019","2019",11.37,,
"MYS_1T8_AG25T99","Mean years of schooling (ISCED 1 or higher), population 25+ years, both sexes","SGP","Singapore","2017","2017",11.34,,
"MYS_1T8_AG25T99","Mean years of schooling (ISCED 1 or higher), population 25+ years, both sexes","SGP","Singapore","2018","2018",11.56,,
"MYS_1T8_AG25T99","Mean years of schooling (ISCED 1 or higher), population 25+ years, both sexes","SGP","Singapore","2019","2019",11.68,,
"MYS_1T8_AG25T99","Mean years of schooling (ISCED 1 or higher), population 25+ years, both sexes","SGP","Singapore","2020","2020",11.76,,
"MYS_1T8_AG25T99","Mean years of schooling (ISCED 1 or higher), population 25+ years, both sexes","SGP","Singapore","2021","2021",12.08,,
"MYS_1T8_AG25T99","Mean years of schooling (ISCED 1 or higher), population 25+ years, both sexes","SGP","Singapore","2022","2022",11.99,,
"MYS_1T8_AG25T99","Mean years of schooling (ISCED 1 or higher), population 25+ years, both sexes","PER","Peru","2018","2018",9.76,,
"MYS_1T8_AG25T99","Mean years of schooling (ISCED 1 or higher), population 25+ years, both sexes","OMN","Oman","2020","2020",11.85,,
"MYS_1T8_AG25T99","Mean years of schooling (ISCED 1 or higher), population 25+ years, both sexes","OMN","Oman","2022","2022",11.89,,
"MYS_1T8_AG25T99","Mean years of schooling (ISCED 1 or higher), population 25+ years, both sexes","IRL","Ireland","2017","2017",11.43,,
"MYS_1T8_AG25T99","Mean years of schooling (ISCED 1 or higher), population 25+ years, both sexes","CIV","Côte d'Ivoire","2021","2021",4.87,,
"MYS_1T8_AG25T99","Mean years of schooling (ISCED 1 or higher), population 25+ years, both sexes","FIN","Finland","2017","2017",12.74,,
"MYS_1T8_AG25T99","Mean years of schooling (ISCED 1 or higher), population 25+ years, both sexes","FIN","Finland","2019","2019",12.87,,
"MYS_1T8_AG25T99","Mean years of schooling (ISCED 1 or higher), population 25+ years, both sexes","IDN","Indonesia","2017","2017",8.23959,,
"MYS_1T8_AG25T99","Mean years of schooling (ISCED 1 or higher), population 25+ years, both sexes","IDN","Indonesia","2018","2018",8.16,,
"MYS_1T8_AG25T99","Mean years of schooling (ISCED 1 or higher), population 25+ years, both sexes","IDN","Indonesia","2020","2020",8.56,,
"MYS_1T8_AG25T99","Mean years of schooling (ISCED 1 or higher), population 25+ years, both sexes","TCD","Chad","2019","2019",2.23277,,
"MYS_1T8_AG25T99","Mean years of schooling (ISCED 1 or higher), population 25+ years, both sexes","MYS","Malaysia","2019","2019",10.65,,
"MYS_1T8_AG25T99","Mean years of schooling (ISCED 1 or higher), population 25+ years, both sexes","MYS","Malaysia","2022","2022",11.09,,
"MYS_1T8_AG25T99","Mean years of schooling (ISCED 1 or higher), population 25+ years, both sexes","EST","Estonia","2017","2017",13.56,,
"MYS_1T8_AG25T99","Mean years of schooling (ISCED 1 or higher), population 25+ years, both sexes","EST","Estonia","2018","2018",13.66,,
"MYS_1T8_AG25T99","Mean years of schooling (ISCED 1 or higher), population 25+ years, both sexes","EST","Estonia","2020","2020",13.55,,
"MYS_1T8_AG25T99","Mean years of schooling (ISCED 1 or higher), population 25+ years, both sexes","VCT","Saint Vincent and the Grenadines","2017","2017",10.83,,
"MYS_1T8_AG25T99","Mean years of schooling (ISCED 1 or higher), population 25+ years, both sexes","NLD","Netherlands","2018","2018",12.32,,
"MYS_1T8_AG25T99","Mean years of schooling (ISCED 1 or higher), population 25+ years, both sexes","NLD","Netherlands","2020","2020",12.58,,
"MYS_1T8_AG25T99","Mean years of schooling (ISCED 1 or higher), population 25+ years, both sexes","BLR","Belarus","2019","2019",12.14,,
"MYS_1T8_AG25T99","Mean years of schooling (ISCED 1 or higher), population 25+ years, both sexes","BOL","Bolivia (Plurinational State of)","2019","2019",9.86,,
"MYS_1T8_AG25T99","Mean years of schooling (ISCED 1 or higher), population 25+ years, both sexes","BOL","Bolivia (Plurinational State of)","2020","2020",9.83,,
"MYS_1T8_AG25T99","Mean years of schooling (ISCED 1 or higher), population 25+ years, both sexes","CHE","Switzerland","2018","2018",13.8,,
"MYS_1T8_AG25T99","Mean years of schooling (ISCED 1 or higher), population 25+ years, both sexes","CHE","Switzerland","2019","2019",13.86,,
"MYS_1T8_AG25T99","Mean years of schooling (ISCED 1 or higher), population 25+ years, both sexes","PHL","Philippines","2017","2017",8.18,,
"MYS_1T8_AG25T99","Mean years of schooling (ISCED 1 or higher), population 25+ years, both sexes","PHL","Philippines","2019","2019",8.97,,
"MYS_1T8_AG25T99","Mean years of schooling (ISCED 1 or higher), population 25+ years, both sexes","PHL","Philippines","2020","2020",8.89,,
"MYS_1T8_AG25T99","Mean years of schooling (ISCED 1 or higher), population 25+ years, both sexes","PHL","Philippines","2022","2022",9.97724,,
"MYS_1T8_AG25T99","Mean years of schooling (ISCED 1 or higher), population 25+ years, both sexes","PAK","Pakistan","2017","2017",5.12,,
"MYS_1T8_AG25T99","Mean years of schooling (ISCED 1 or higher), population 25+ years, both sexes","PAK","Pakistan","2018","2018",4.77032,,
"MYS_1T8_AG25T99","Mean years of schooling (ISCED 1 or higher), population 25+ years, both sexes","PAK","Pakistan","2019","2019",4.54,,
"MYS_1T8_AG25T99","Mean years of schooling (ISCED 1 or higher), population 25+ years, both sexes","SAU","Saudi Arabia","2017","2017",10.22,,
"MYS_1T8_AG25T99","Mean years of schooling (ISCED 1 or higher), population 25+ years, both sexes","SAU","Saudi Arabia","2020","2020",11.31,,
"MYS_1T8_AG25T99","Mean years of schooling (ISCED 1 or higher), population 25+ years, both sexes","ARG","Argentina","2018","2018",11.1,,
"MYS_1T8_AG25T99","Mean years of schooling (ISCED 1 or higher), population 25+ years, both sexes","ARG","Argentina","2020","2020",11.14,,
"MYS_1T8_AG25T99","Mean years of schooling (ISCED 1 or higher), population 25+ years, both sexes","AUT","Austria","2017","2017",12.16,,
"MYS_1T8_AG25T99","Mean years of schooling (ISCED 1 or higher), population 25+ years, both sexes","AUT","Austria","2019","2019",12.26,,
"MYS_1T8_AG25T99","Mean years of schooling (ISCED 1 or higher), population 25+ years, both sexes","ITA","Italy","2020","2020",10.74,,
"MYS_1T8_AG25T99","Mean years of schooling (ISCED 1 or higher), population 25+ years, both sexes","LSO","Lesotho","2018","2018",7.18587,,
"MYS_1T8_AG25T99","Mean years of schooling (ISCED 1 or higher), population 25+ years, both sexes","RWA","Rwanda","2018","2018",4.33,,
"MYS_1T8_AG25T99","Mean years of schooling (ISCED 1 or higher), population 25+ years, both sexes","RWA","Rwanda","2020","2020",4.87831,,
"MYS_1T8_AG25T99","Mean years of schooling (ISCED 1 or higher), population 25+ years, both sexes","RWA","Rwanda","2022","2022",4.88,,
"MYS_1T8_AG25T99","Mean years of schooling (ISCED 1 or higher), population 25+ years, both sexes","ECU","Ecuador","2017","2017",8.77,,
"MYS_1T8_AG25T99","Mean years of schooling (ISCED 1 or higher), population 25+ years, both sexes","ECU","Ecuador","2020","2020",8.82,,
"MYS_1T8_AG25T99","Mean years of schooling (ISCED 1 or higher), population 25+ years, both sexes","ECU","Ecuador","2021","2021",9.11,,
"MYS_1T8_AG25T99","Mean years of schooling (ISCED 1 or higher), population 25+ years, both sexes","ECU","Ecuador","2022","2022",8.97,,
"MYS_1T8_AG25T99","Mean years of schooling (ISCED 1 or higher), population 25+ years, both sexes","FRA","France","2017","2017",11.41,,
"MYS_1T8_AG25T99","Mean years of schooling (ISCED 1 or higher), population 25+ years, both sexes","FRA","France","2019","2019",11.61,,
"MYS_1T8_AG25T99","Mean years of schooling (ISCED 1 or higher), population 25+ years, both sexes","TJK","Tajikistan","2017","2017",11.42,,
"MYS_1T8_AG25T99","Mean years of schooling (ISCED 1 or higher), population 25+ years, both sexes","AZE","Azerbaijan","2017","2017",10.64,,
"MYS_1T8_AG25T99","Mean years of schooling (ISCED 1 or higher), population 25+ years, both sexes","AZE","Azerbaijan","2018","2018",10.64,,
"MYS_1T8_AG25T99","Mean years of schooling (ISCED 1 or higher), population 25+ years, both sexes","AZE","Azerbaijan","2019","2019",10.64,,
"MYS_1T8_AG25T99","Mean years of schooling (ISCED 1 or higher), population 25+ years, both sexes","AZE","Azerbaijan","2023","2023",11.07,,
"MYS_1T8_AG25T99","Mean years of schooling (ISCED 1 or higher), population 25+ years, both sexes","MLT","Malta","2018","2018",11.84,,
"MYS_1T8_AG25T99","Mean years of schooling (ISCED 1 or higher), population 25+ years, both sexes","MLT","Malta","2020","2020",12.21,,
"MYS_1T8_AG25T99","Mean years of schooling (ISCED 1 or higher), population 25+ years, both sexes","WSM","Samoa","2019","2019",11.4018,,
"MYS_1T8_AG25T99","Mean years of schooling (ISCED 1 or higher), population 25+ years, both sexes","POL","Poland","2020","2020",13.16,,
"MYS_1T8_AG25T99","Mean years of schooling (ISCED 1 or higher), population 25+ years, both sexes","TON","Tonga","2019","2019",10.8514,,
"MYS_1T8_AG25T99","Mean years of schooling (ISCED 1 or higher), population 25+ years, both sexes","KHM","Cambodia","2019","2019",4.79837,,
"MYS_1T8_AG25T99","Mean years of schooling (ISCED 1 or higher), population 25+ years, both sexes","KHM","Cambodia","2021","2021",5.1971,,
"MYS_1T8_AG25T99","Mean years of schooling (ISCED 1 or higher), population 25+ years, both sexes","TUR","Türkiye","2017","2017",8.27,,
"MYS_1T8_AG25T99","Mean years of schooling (ISCED 1 or higher), population 25+ years, both sexes","TUR","Türkiye","2019","2019",8.63,,
"MYS_1T8_AG25T99","Mean years of schooling (ISCED 1 or higher), population 25+ years, both sexes","MDA","Republic of Moldova","2018","2018",11.78,,
"MYS_1T8_AG25T99","Mean years of schooling (ISCED 1 or higher), population 25+ years, both sexes","MDA","Republic of Moldova","2019","2019",11.76,,
"MYS_1T8_AG25T99","Mean years of schooling (ISCED 1 or higher), population 25+ years, both sexes","MDA","Republic of Moldova","2020","2020",11.8,,
"MYS_1T8_AG25T99","Mean years of schooling (ISCED 1 or higher), population 25+ years, both sexes","MDA","Republic of Moldova","2021","2021",11.82,,
"MYS_1T8_AG25T99","Mean years of schooling (ISCED 1 or higher), population 25+ years, both sexes","MDA","Republic of Moldova","2022","2022",11.83,,
"MYS_1T8_AG25T99","Mean years of schooling (ISCED 1 or higher), population 25+ years, both sexes","JOR","Jordan","2017","2017",10.68364,,
"MYS_1T8_AG25T99","Mean years of schooling (ISCED 1 or higher), population 25+ years, both sexes","JOR","Jordan","2018","2018",10.35,,
"MYS_1T8_AG25T99","Mean years of schooling (ISCED 1 or higher), population 25+ years, both sexes","JOR","Jordan","2020","2020",10.45,,
"MYS_1T8_AG25T99","Mean years of schooling (ISCED 1 or higher), population 25+ years, both sexes","JOR","Jordan","2023","2023",10.24,,
"MYS_1T8_AG25T99","Mean years of schooling (ISCED 1 or higher), population 25+ years, both sexes","CZE","Czechia","2017","2017",12.79,,
"MYS_1T8_AG25T99","Mean years of schooling (ISCED 1 or higher), population 25+ years, both sexes","CZE","Czechia","2019","2019",12.87,,
"MYS_1T8_AG25T99","Mean years of schooling (ISCED 1 or higher), population 25+ years, both sexes","HUN","Hungary","2020","2020",12.25,,
"MYS_1T8_AG25T99","Mean years of schooling (ISCED 1 or higher), population 25+ years, both sexes","BGD","Bangladesh","2017","2017",6.27,,
"MYS_1T8_AG25T99","Mean years of schooling (ISCED 1 or higher), population 25+ years, both sexes","BGD","Bangladesh","2018","2018",6.39,,
"MYS_1T8_AG25T99","Mean years of schooling (ISCED 1 or higher), population 25+ years, both sexes","BGD","Bangladesh","2019","2019",6.55,,
"MYS_1T8_AG25T99","Mean years of schooling (ISCED 1 or higher), population 25+ years, both sexes","BGD","Bangladesh","2020","2020",7.1,,
"MYS_1T8_AG25T99","Mean years of schooling (ISCED 1 or higher), population 25+ years, both sexes","BGD","Bangladesh","2021","2021",6.79,,
"MYS_1T8_AG25T99","Mean years of schooling (ISCED 1 or higher), population 25+ years, both sexes","HKG","China, Hong Kong Special Administrative Region","2017","2017",12.17,,
"MYS_1T8_AG25T99","Mean years of schooling (ISCED 1 or higher), population 25+ years, both sexes","HKG","China, Hong Kong Special Administrative Region","2019","2019",12.23,,
"MYS_1T8_AG25T99","Mean years of schooling (ISCED 1 or higher), population 25+ years, both sexes","HKG","China, Hong Kong Special Administrative Region","2022","2022",12.35,,
"MYS_1T8_AG25T99","Mean years of schooling (ISCED 1 or higher), population 25+ years, both sexes","LCA","Saint Lucia","2019","2019",8.55,,
"MYS_1T8_AG25T99","Mean years of schooling (ISCED 1 or higher), population 25+ years, both sexes","FJI","Fiji","2017","2017",10.63,,
"MYS_1T8_AG25T99","Mean years of schooling (ISCED 1 or higher), population 25+ years, both sexes","FJI","Fiji","2021","2021",10.37097,,
"MYS_1T8_AG25T99","Mean years of schooling (ISCED 1 or higher), population 25+ years, both sexes","COL","Colombia","2018","2018",8.5,,
"MYS_1T8_AG25T99","Mean years of schooling (ISCED 1 or higher), population 25+ years, both sexes","COL","Colombia","2019","2019",8.64,,
"MYS_1T8_AG25T99","Mean years of schooling (ISCED 1 or higher), population 25+ years, both sexes","COL","Colombia","2020","2020",8.86,,
"MYS_1T8_AG25T99","Mean years of schooling (ISCED 1 or higher), population 25+ years, both sexes","ESP","Spain","2018","2018",10.14,,
"MYS_1T8_AG25T99","Mean years of schooling (ISCED 1 or higher), population 25+ years, both sexes","ESP","Spain","2020","2020",10.61,,
"MYS_1T8_AG25T99","Mean years of schooling (ISCED 1 or higher), population 25+ years, both sexes","BGR","Bulgaria","2017","2017",11.24,,
"MYS_1T8_AG25T99","Mean years of schooling (ISCED 1 or higher), population 25+ years, both sexes","BGR","Bulgaria","2020","2020",11.41,,
"MYS_1T8_AG25T99","Mean years of schooling (ISCED 1 or higher), population 25+ years, both sexes","CAF","Central African Republic","2019","2019",3.92959,,
"MYS_1T8_AG25T99","Mean years of schooling (ISCED 1 or higher), population 25+ years, both sexes","ZWE","Zimbabwe","2017","2017",8.46,,
"MYS_1T8_AG25T99","Mean years of schooling (ISCED 1 or higher), population 25+ years, both sexes","ZWE","Zimbabwe","2019","2019",8.68746,,
"MYS_1T8_AG25T99","Mean years of schooling (ISCED 1 or higher), population 25+ years, both sexes","CMR","Cameroon","2018","2018",6.41971,,
"MYS_1T8_AG25T99","Mean years of schooling (ISCED 1 or higher), population 25+ years, both sexes","KAZ","Kazakhstan","2018","2018",12.21,,
"MYS_1T8_AG25T99","Mean years of schooling (ISCED 1 or higher), population 25+ years, both sexes","SUR","Suriname","2018","2018",8.30605,,
"MYS_1T8_AG25T99","Mean years of schooling (ISCED 1 or higher), population 25+ years, both sexes","MNE","Montenegro","2018","2018",12.31016,,
"MYS_1T8_AG25T99","Mean years of schooling (ISCED 1 or higher), population 25+ years, both sexes","VNM","Viet Nam","2019","2019",8.44,,
"MYS_1T8_AG25T99","Mean years of schooling (ISCED 1 or higher), population 25+ years, both sexes","VNM","Viet Nam","2022","2022",8.98,,
"MYS_1T8_AG25T99","Mean years of schooling (ISCED 1 or higher), population 25+ years, both sexes","DOM","Dominican Republic","2019","2019",8.86548,,
"MYS_1T8_AG25T99","Mean years of schooling (ISCED 1 or higher), population 25+ years, both sexes","IND","India","2018","2018",6.24,,
"MYS_1T8_AG25T99","Mean years of schooling (ISCED 1 or higher), population 25+ years, both sexes","IND","India","2019","2019",6.28138,,
"MYS_1T8_AG25T99","Mean years of schooling (ISCED 1 or higher), population 25+ years, both sexes","IND","India","2020","2020",6.49,,
"MYS_1T8_AG25T99","Mean years of schooling (ISCED 1 or higher), population 25+ years, both sexes","IND","India","2022","2022",6.57,,
"MYS_1T8_AG25T99","Mean years of schooling (ISCED 1 or higher), population 25+ years, both sexes","IND","India","2023","2023",6.88,,
"MYS_1T8_AG25T99","Mean years of schooling (ISCED 1 or higher), population 25+ years, both sexes","SEN","Senegal","2017","2017",2.83,,
"MYS_1T8_AG25T99","Mean years of schooling (ISCED 1 or higher), population 25+ years, both sexes","SEN","Senegal","2018","2018",2.99835,,
"MYS_1T8_AG25T99","Mean years of schooling (ISCED 1 or higher), population 25+ years, both sexes","SEN","Senegal","2019","2019",2.84146,,
"MYS_1T8_AG25T99","Mean years of schooling (ISCED 1 or higher), population 25+ years, both sexes","LBR","Liberia","2019","2019",5.55971,,
"MYS_1T8_AG25T99","Mean years of schooling (ISCED 1 or higher), population 25+ years, both sexes","IRQ","Iraq","2018","2018",6.68787,,
"MYS_1T8_AG25T99","Mean years of schooling (ISCED 1 or higher), population 25+ years, both sexes","BLZ","Belize","2020","2020",8.85,,
"MYS_1T8_AG25T99","Mean years of schooling (ISCED 1 or higher), population 25+ years, both sexes","BLZ","Belize","2021","2021",8.76229,,
"MYS_1T8_AG25T99","Mean years of schooling (ISCED 1 or higher), population 25+ years, both sexes","TUV","Tuvalu","2019","2019",10.52336,,
"MYS_1T8_AG25T99","Mean years of schooling (ISCED 1 or higher), population 25+ years, both sexes","MKD","North Macedonia","2018","2018",11.68542,,
"MYS_1T8_AG25T99","Mean years of schooling (ISCED 1 or higher), population 25+ years, both sexes","MKD","North Macedonia","2020","2020",10.23,,
"MYS_1T8_AG25T99","Mean years of schooling (ISCED 1 or higher), population 25+ years, both sexes","MNG","Mongolia","2018","2018",10.90405,,
"MYS_1T8_AG25T99","Mean years of schooling (ISCED 1 or higher), population 25+ years, both sexes","MNG","Mongolia","2020","2020",9.42,,
"MYS_1T8_AG25T99","Mean years of schooling (ISCED 1 or higher), population 25+ years, both sexes","STP","Sao Tome and Principe","2019","2019",5.84581,,
"MYS_1T8_AG25T99","Mean years of schooling (ISCED 1 or higher), population 25+ years, both sexes","GUY","Guyana","2019","2019",8.55864,,
"MYS_1T8_AG25T99","Mean years of schooling (ISCED 1 or higher), population 25+ years, both sexes","AFG","Afghanistan","2021","2021",2.99,,
"MYS_1T8_AG25T99","Mean years of schooling (ISCED 1 or higher), population 25+ years, both sexes","AFG","Afghanistan","2022","2022",2.51479,,
"MYS_1T8_AG25T99","Mean years of schooling (ISCED 1 or higher), population 25+ years, both sexes","HTI","Haiti","2017","2017",5.3823,,
"MYS_1T8_AG25T99","Mean years of schooling (ISCED 1 or higher), population 25+ years, both sexes","MMR","Myanmar","2019","2019",6.38,,
"MYS_1T8_AG25T99","Mean years of schooling (ISCED 1 or higher), population 25+ years, both sexes","GIN","Guinea","2018","2018",2.13,,
"MYS_1T8_AG25T99","Mean years of schooling (ISCED 1 or higher), population 25+ years, both sexes","MDV","Maldives","2017","2017",6.78491,,
"MYS_1T8_AG25T99","Mean years of schooling (ISCED 1 or higher), population 25+ years, both sexes","BFA","Burkina Faso","2018","2018",1.92,,
"MYS_1T8_AG25T99","Mean years of schooling (ISCED 1 or higher), population 25+ years, both sexes","BFA","Burkina Faso","2019","2019",2.1,,
"MYS_1T8_AG25T99","Mean years of schooling (ISCED 1 or higher), population 25+ years, both sexes","BFA","Burkina Faso","2021","2021",2.26655,,
"MYS_1T8_AG25T99","Mean years of schooling (ISCED 1 or higher), population 25+ years, both sexes","TKM","Turkmenistan","2019","2019",11.07856,,
"MYS_1T8_AG25T99","Mean years of schooling (ISCED 1 or higher), population 25+ years, both sexes","ARM","Armenia","2017","2017",11.19,,
"MYS_1T8_AG25T99","Mean years of schooling (ISCED 1 or higher), population 25+ years, both sexes","ARM","Armenia","2020","2020",11.33,,
"MYS_1T8_AG25T99","Mean years of schooling (ISCED 1 or higher), population 25+ years, both sexes","NER","Niger","2018","2018",1.24591,,
"MYS_1T8_AG25T99","Mean years of schooling (ISCED 1 or higher), population 25+ years, both sexes","ALB","Albania","2017","2017",9.9767,,
"MYS_1T8_AG25T99","Mean years of schooling (ISCED 1 or higher), population 25+ years, both sexes","KGZ","Kyrgyzstan","2018","2018",11.75653,,
"MYS_1T8_AG25T99","Mean years of schooling (ISCED 1 or higher), population 25+ years, both sexes","LBN","Lebanon","2018","2018",10.37,,
"MYS_1T8_AG25T99","Mean years of schooling (ISCED 1 or higher), population 25+ years, both sexes","ZMB","Zambia","2018","2018",7.02935,,
"MYS_1T8_AG25T99","Mean years of schooling (ISCED 1 or higher), population 25+ years, both sexes","ETH","Ethiopia","2019","2019",2.37953,,
"MYS_1T8_AG25T99","Mean years of schooling (ISCED 1 or higher), population 25+ years, both sexes","KIR","Kiribati","2018","2018",9.0374,,
"MYS_1T8_AG25T99","Mean years of schooling (ISCED 1 or higher), population 25+ years, both sexes","NGA","Nigeria","2018","2018",6.91902,,
"MYS_1T8_AG25T99","Mean years of schooling (ISCED 1 or higher), population 25+ years, both sexes","NGA","Nigeria","2019","2019",7.19197,,
"MYS_1T8_AG25T99","Mean years of schooling (ISCED 1 or higher), population 25+ years, both sexes","NGA","Nigeria","2021","2021",7.58597,,
"MYS_1T8_AG25T99","Mean years of schooling (ISCED 1 or higher), population 25+ years, both sexes","SWZ","Eswatini","2022","2022",8.6852,,
"MYS_1T8_AG25T99","Mean years of schooling (ISCED 1 or higher), population 25+ years, both sexes","SLE","Sierra Leone","2017","2017",3.50985,,
"MYS_1T8_AG25T99","Mean years of schooling (ISCED 1 or higher), population 25+ years, both sexes","SLE","Sierra Leone","2019","2019",3.50323,,
"MYS_1T8_AG25T99","Mean years of schooling (ISCED 1 or higher), population 25+ years, both sexes","ISL","Iceland","2019","2019",13.73,,
"MYS_1T8_AG25T99","Mean years of schooling (ISCED 1 or higher), population 25+ years, both sexes","ISL","Iceland","2020","2020",13.77,,
"MYS_1T8_AG25T99","Mean years of schooling (ISCED 1 or higher), population 25+ years, both sexes","MDG","Madagascar","2018","2018",5.07,,
"MYS_1T8_AG25T99","Mean years of schooling (ISCED 1 or higher), population 25+ years, both sexes","MDG","Madagascar","2021","2021",4.59252,,
"MYS_1T8_AG25T99","Mean years of schooling (ISCED 1 or higher), population 25+ years, both sexes","CUW","Curaçao","2020","2020",11.91,,
"MYS_1T8_AG25T99","Mean years of schooling (ISCED 1 or higher), population 25+ years, both sexes","SOM","Somalia","2022","2022",1.9,,
"MYS_1T8_AG25T99","Mean years of schooling (ISCED 1 or higher), population 25+ years, both sexes","LAO","Lao People's Democratic Republic","2017","2017",5.66596,,
"MYS_1T8_AG25T99","Mean years of schooling (ISCED 1 or higher), population 25+ years, both sexes","PNG","Papua New Guinea","2018","2018",4.85106,,
"MYS_1T8_AG25T99","Mean years of schooling (ISCED 1 or higher), population 25+ years, both sexes","DJI","Djibouti","2017","2017",3.62665,,
"MYS_1T8_AG25T99","Mean years of schooling (ISCED 1 or higher), population 25+ years, both sexes","COM","Comoros","2022","2022",6.00684,,
"MYS_1T8_AG25T99","Mean years of schooling (ISCED 1 or higher), population 25+ years, both sexes","NIC","Nicaragua","2021","2021",9.93302,,
"MYS_1T8_AG25T99","Mean years of schooling (ISCED 1 or higher), population 25+ years, both sexes","ATG","Antigua and Barbuda","2021","2021",11.6475,,
"MYS_1T8_AG25T99","Mean years of schooling (ISCED 1 or higher), population 25+ years, both sexes","YEM","Yemen","2023","2023",5.48415,,
"MYS_1T8_AG25T99","Mean years of schooling (ISCED 1 or higher), population 25+ years, both sexes","NCL","New Caledonia","2019","2019",10.73396,,
